Diffusion and Phase Transformation,3
Image Processing,3
Differential Equations,3
Thermodynamics,3
Differential Geometry,3
Antidisestablishmentarianism in Modern America,4
Manufacturing,3
Number Theory,4
Elastic Structures,3
Marine Mammals,3
Romantic Literature,3
Drama,4
Numerical Methods,4
The Music of the Ramones,4
International Trade,4
International Finance,3
Elastic Structures,4
International Trade,3
Design and Analysis of Algorithms,3
Surfing,3
The Music of Donovan,3
The Music of the Ramones,4
Biostatistics,3
Rock and Roll,3
Security,3
Colloid and Surface Chemistry,3
Thermal Physics,4
Hydraulics,4
Music of the 90s,4
Geology,3
Corporate Law,4
Romantic Literature,3
Game Design,4
Greek Tragedy,4
Topology,4
Electron Microscopy,4
Music 2 New for your Instructor,4
International Trade,3
Geology,3
World History,4
Ponzi Schemes,3
Composition and Literature,3
International Trade,3
Differential Geometry,3
Graph Theory,3
Corporate Law,3
Quantum Mechanics,3
Quantum Mechanics,4
Race Car Driving,4
Compiler Design,3
Networking,4
Compiler Design,4
Operating Systems,3
Game Programming,4
Embedded Systems,4
Computational Biology,3
Milton,3
Cost Accounting,4
Differential Geometry,4
Virology,3
Recursive Function Theory,4
Aerodynamics,3
C  Programming,3
C  Programming,3
RPG Programming,4
Visual BASIC,4
Sanitary Engineering,4
Immunology,3
Industrial Organization,4
Bankruptcy,3
Music of the 80s,4
Numerical Methods,3
Data Mining,3
Aquatic Chemistry,4
Video Gaming,3
Stream Processing,4
Strength of Materials,3
Journalism,4
Biostatistics,3
Database System Concepts,4
Hebrew,3
Systems Software,3
The Renaissance,4
Physical Chemistry,3
Fractal Geometry,4
International Communication,4
FOCAL Programming,4
Accounting,3
Physical Chemistry,3
Journalism,4
Music of the 50s,3
Automobile Mechanics,4
Aquatic Chemistry,3
Networking,3
Graphics,3
International Finance,3
Differential Geometry,3
International Practicum,3
Creative Writing,4
Banking and Finance,3
Environmental Law,3
Martian History,3
The Music of Donovan,4
Plastics,4
The Music of Dave Edmunds,3
The Music of Dave Edmunds,4
Calculus,4
Marine Mammals,3
Computability Theory,3
Image Processing,4
Shakespeare,4
Cognitive Psychology,3
Number Theory,4
Mechanics,4
Care and Feeding of Cats,3
UNIX System Programmming,4
Electron Microscopy,3
Mobile Computing,3
Thermodynamics,4
Multimedia Design,4
Existentialism,3
Finite Element Analysis,3
Religion,3
Plasma Physics,4
Astronomy,4
Video Gaming,3
Service-Oriented Architectures,4
Groups and Rings,4
Geology,4
Geology,3
Elastic Structures,3
Multivariable Calculus,3
The Beatles,3
Electricity and Magnetism,3
Medieval Civilization or Lack Thereof,3
Cat Herding,3
Optics,3
Heat Transfer,4
Arabic,3
Marine Mammals,4
Medieval Civilization or Lack Thereof,4
Quantum Mechanics,4
The Music of Donovan,4
Greek Tragedy,3
International Practicum,4
Tort Law,4
How to Groom your Cat,3
Existentialism,3
The Monkeys,4
Logic,4
European History,3
Game Programming,4
Geology,3
Compiler Design,4
C  Programming,4
Operating Systems,3
Image Processing,3
Decison Support Systems,3
Death and Taxes,3
African History,3
Introduction to Burglary,4
Composition and Literature,4
Organic Chemistry,4
Mobile Computing,3
Compiler Design,3
Environmental Law,4
Assembly Language Programming,3
Sensor Networks,4
Fractal Geometry,4
Environmental Law,4
World History,4
UNIX System Programmming,4
Sailing,4
Heat Transfer,3
The IBM 360 Architecture,3
Bioinformatics,3
Composition and Literature,4
Latin,3
Systems Software,3
How to Succeed in Business Without Really Trying,4
Petroleum Engineering,4
Existentialism,3
Computability Theory,3
Microeconomics,4
Differential Geometry,4
Real-Time Database Systems,3
Japanese,3
Fiction Writing,3
Bacteriology,4
Tort Law,3
Animal Behavior,3
Groups and Rings,4
Sanitary Engineering,3
The Monkeys,4
Greek Tragedy,4
Astronautics,3
Virology,4
Music of the 50s,3
Transaction Processing,3
Immunology,4
